Menu Item,Ingredient ID,Ingredient,Ingredient Category,Amount Used,Recipe Unit,Notes
Peanut Butter Banana,MLK-OAT_MILK,Oat Milk,Milk,10,fl oz,
Peanut Butter Banana,PWD-VANILLA_PROTEIN,Vanilla Protein,Powder,0.8,oz,1 scoop
Peanut Butter Banana,PWD-PB2,PB2,Powder,0.41,oz,1 scoop
Peanut Butter Banana,SPR-PEANUT_BUTTER,Peanut Butter,Spread,1,oz,1 scoop
Peanut Butter Banana,EXT-VANILLA_EXTRACT,Vanilla Extract,Extract,1.5,ml,
Peanut Butter Banana,SWT-HONEY,Honey,Sweetener,0.5,oz,2 circles
Peanut Butter Banana,FRZ-BANANAS,Bananas,Frozen Fruit,4.8,oz,2/3 beaker
Peanut Butter Banana,PRP-COCONUT_CUBES,Coconut Cubes,Prepared Ingredient,3,cubes,
Peanut Butter Banana,PKG-20OZ_BRANDED_CUP,20oz Branded Cup,Packaging,1,each,
Peanut Butter Banana,PKG-20OZ_LID,20oz Lid,Packaging,1,each,
Peanut Butter Banana,PKG-SMOOTHIE_STRAW,Smoothie Straw,Packaging,1,each,
Cold Brew Bliss,BEV-COLD_BREW,Cold Brew,Beverage Base,6,fl oz,
Cold Brew Bliss,MLK-ALMOND_MILK,Almond Milk,Milk,4,fl oz,
Cold Brew Bliss,PWD-COFFEE_PROTEIN,Coffee Protein,Powder,0.8,oz,1 scoop
Cold Brew Bliss,PWD-PB2,PB2,Powder,0.41,oz,1 scoop
Cold Brew Bliss,TOP-CACAO_NIBS,Cacao Nibs,Topping,0.6,oz,1 scoop
Cold Brew Bliss,SPR-PEANUT_BUTTER,Peanut Butter,Spread,1,oz,1 scoop (corrected from 0.6 - sheet error)
Cold Brew Bliss,FRZ-BANANAS,Bananas,Frozen Fruit,3.6,oz,1/2 beaker
Cold Brew Bliss,PRP-COCONUT_CUBES,Coconut Cubes,Prepared Ingredient,5,cubes,
Cold Brew Bliss,PKG-20OZ_BRANDED_CUP,20oz Branded Cup,Packaging,1,each,
Cold Brew Bliss,PKG-20OZ_LID,20oz Lid,Packaging,1,each,
Cold Brew Bliss,PKG-SMOOTHIE_STRAW,Smoothie Straw,Packaging,1,each,
Shark Bite,PRP-BREWED_TEA,Brewed Tea,Prepared Ingredient,3,fl oz,
Shark Bite,PWD-ZIPFIZZ,Zipfizz,Powder,1,each,
Shark Bite,PWD-POWER_TEA_FLAVORS,Power Tea Flavors,Powder,0.3,oz,
Shark Bite,PKG-32OZ_BRANDED_CUP,32oz Branded Cup,Packaging,1,each,
Shark Bite,PKG-32OZ_LID,32oz Lid,Packaging,1,each,
Shark Bite,PKG-POWER_TEA_STRAW,Power Tea Straw,Packaging,1,each,
Acai Mixed Berry Bowl,MLK-OAT_MILK,Oat Milk,Milk,4,fl oz,
Acai Mixed Berry Bowl,FRZ-STRAWBERRIES,Strawberries,Frozen Fruit,2.7,oz,1/3 beaker
Acai Mixed Berry Bowl,FRZ-BLUEBERRIES,Blueberries,Frozen Fruit,2.8,oz,1/3 beaker
Acai Mixed Berry Bowl,PWD-VANILLA_PROTEIN,Vanilla Protein,Powder,0.8,oz,
Acai Mixed Berry Bowl,PWD-ACAI,Acai,Powder,0.1,oz,
Acai Mixed Berry Bowl,SWT-AGAVE,Agave,Sweetener,0.5,oz,
Acai Mixed Berry Bowl,TOP-GRANOLA,Granola,Topping,2.2,oz,4 scoops
Acai Mixed Berry Bowl,PKG-16OZ_ACAI_BOWL,16oz Acai Bowl,Packaging,1,each,
Acai Mixed Berry Bowl,PKG-16OZ_ACAI_BOWL_LID,16oz Acai Bowl Lid,Packaging,1,each,
Acai Mixed Berry Bowl,PKG-SPOON,Spoon,Packaging,1,each,
Blueberry Shortcake,MLK-OAT_MILK,Oat Milk,Milk,10.0,fl oz,
Blueberry Shortcake,PWD-VANILLA_PROTEIN,Vanilla Protein,Powder,0.8,oz,1 scoop
Blueberry Shortcake,NUT-WALNUTS,Walnuts,Nuts and Seeds,0.98,oz,2 scoops @ 29.6 ml
Blueberry Shortcake,EXT-VANILLA_EXTRACT,Vanilla Extract,Extract,1.0,ml,2 full droppers
Blueberry Shortcake,SWT-HONEY,Honey,Sweetener,0.5,oz,2 circles
Blueberry Shortcake,FRZ-BANANAS,Bananas,Frozen Fruit,3.6,oz,1/2 beaker
Blueberry Shortcake,FRZ-BLUEBERRIES,Blueberries,Frozen Fruit,4.25,oz,1/2 beaker
Blueberry Shortcake,YOG-COCONUT_YOGURT,Coconut Yogurt,Yogurt,1.0,oz,EST - 4 stripes inside cup
Blueberry Shortcake,PKG-20OZ_BRANDED_CUP,20oz Branded Cup,Packaging,1.0,each,
Blueberry Shortcake,PKG-20OZ_LID,20oz Lid,Packaging,1.0,each,
Blueberry Shortcake,PKG-SMOOTHIE_STRAW,Smoothie Straw,Packaging,1.0,each,
Chocolate Peanut Butter,MLK-OAT_MILK,Oat Milk,Milk,10.0,fl oz,
Chocolate Peanut Butter,PWD-CHOCOLATE_PROTEIN,Chocolate Protein,Powder,0.8,oz,1 scoop
Chocolate Peanut Butter,PWD-PB2,PB2,Powder,0.41,oz,1 scoop
Chocolate Peanut Butter,PWD-CACAO_POWDER,Cacao Powder,Powder,0.14,oz,2 scoops @ 1/3 tbsp
Chocolate Peanut Butter,EXT-VANILLA_EXTRACT,Vanilla Extract,Extract,1.0,ml,2 full droppers
Chocolate Peanut Butter,SPR-PEANUT_BUTTER,Peanut Butter,Spread,1.0,oz,1 scoop
Chocolate Peanut Butter,FRZ-BANANAS,Bananas,Frozen Fruit,7.2,oz,1 full beaker
Chocolate Peanut Butter,TOP-CHOCOLATE_CHIPS,Chocolate Chips,Topping,0.75,oz,"1 scoop, pulsed in"
Chocolate Peanut Butter,SYR-CHOCOLATE_SAUCE,Chocolate Sauce,Syrup,0.25,fl oz,EST - cup drizzle
Chocolate Peanut Butter,PKG-20OZ_BRANDED_CUP,20oz Branded Cup,Packaging,1.0,each,
Chocolate Peanut Butter,PKG-20OZ_LID,20oz Lid,Packaging,1.0,each,
Chocolate Peanut Butter,PKG-SMOOTHIE_STRAW,Smoothie Straw,Packaging,1.0,each,
Chocolate Strawberry,MLK-ALMOND_MILK,Almond Milk,Milk,10.0,fl oz,
Chocolate Strawberry,PWD-CHOCOLATE_PROTEIN,Chocolate Protein,Powder,0.8,oz,1 scoop
Chocolate Strawberry,PWD-CACAO_POWDER,Cacao Powder,Powder,0.21,oz,3 scoops @ 1/3 tbsp
Chocolate Strawberry,EXT-VANILLA_EXTRACT,Vanilla Extract,Extract,1.5,ml,3 full droppers
Chocolate Strawberry,SWT-HONEY,Honey,Sweetener,0.5,oz,2 circles
Chocolate Strawberry,FRZ-STRAWBERRIES,Strawberries,Frozen Fruit,8.1,oz,1 beaker
Chocolate Strawberry,TOP-CHOCOLATE_CHIPS,Chocolate Chips,Topping,0.75,oz,"1 scoop, pulsed in"
Chocolate Strawberry,SYR-CHOCOLATE_SAUCE,Chocolate Sauce,Syrup,0.25,fl oz,EST - cup drizzle
Chocolate Strawberry,PKG-20OZ_BRANDED_CUP,20oz Branded Cup,Packaging,1.0,each,
Chocolate Strawberry,PKG-20OZ_LID,20oz Lid,Packaging,1.0,each,
Chocolate Strawberry,PKG-SMOOTHIE_STRAW,Smoothie Straw,Packaging,1.0,each,
Heavenly Hazelnut,MLK-ALMOND_MILK,Almond Milk,Milk,10.0,fl oz,
Heavenly Hazelnut,PWD-CHOCOLATE_PROTEIN,Chocolate Protein,Powder,0.8,oz,1 scoop
Heavenly Hazelnut,PWD-CACAO_POWDER,Cacao Powder,Powder,0.07,oz,1 scoop @ 1/3 tbsp
Heavenly Hazelnut,SPR-ALMOND_BUTTER,Almond Butter,Spread,1.98,oz,2 scoops @ 2 tbsp
Heavenly Hazelnut,SYR-CHOCOLATE_SAUCE,Chocolate Sauce,Syrup,0.25,fl oz,EST - 1 pump Monin
Heavenly Hazelnut,SYR-TORANI_HAZELNUT,Torani Hazelnut,Syrup,0.5,fl oz,EST - 2 pumps
Heavenly Hazelnut,SWT-AGAVE,Agave,Sweetener,0.25,oz,1 circle
Heavenly Hazelnut,FRZ-BANANAS,Bananas,Frozen Fruit,3.6,oz,1/2 beaker
Heavenly Hazelnut,PRP-COCONUT_CUBES,Coconut Cubes,Prepared Ingredient,4.0,cubes,
Heavenly Hazelnut,PKG-20OZ_BRANDED_CUP,20oz Branded Cup,Packaging,1.0,each,
Heavenly Hazelnut,PKG-20OZ_LID,20oz Lid,Packaging,1.0,each,
Heavenly Hazelnut,PKG-SMOOTHIE_STRAW,Smoothie Straw,Packaging,1.0,each,
Matcha Mango,MLK-ALMOND_MILK,Almond Milk,Milk,10.0,fl oz,
Matcha Mango,PWD-VANILLA_PROTEIN,Vanilla Protein,Powder,0.8,oz,1 scoop
Matcha Mango,PWD-MATCHA,Matcha,Powder,0.22,oz,1 tbsp scoop
Matcha Mango,EXT-VANILLA_EXTRACT,Vanilla Extract,Extract,1.0,ml,2 full droppers
Matcha Mango,SWT-HONEY,Honey,Sweetener,0.5,oz,2 circles
Matcha Mango,VEG-SPINACH,Spinach,Vegetable,0.18,oz,EST - 5 leaves
Matcha Mango,FRZ-BANANAS,Bananas,Frozen Fruit,3.6,oz,1/2 beaker
Matcha Mango,FRZ-MANGOES,Mangoes,Frozen Fruit,4.0,oz,1/2 beaker
Matcha Mango,PKG-20OZ_BRANDED_CUP,20oz Branded Cup,Packaging,1.0,each,
Matcha Mango,PKG-20OZ_LID,20oz Lid,Packaging,1.0,each,
Matcha Mango,PKG-SMOOTHIE_STRAW,Smoothie Straw,Packaging,1.0,each,
Mint Chocolate Chip,MLK-ALMOND_MILK,Almond Milk,Milk,10.0,fl oz,
Mint Chocolate Chip,PWD-CHOCOLATE_PROTEIN,Chocolate Protein,Powder,0.8,oz,1 scoop
Mint Chocolate Chip,PWD-CACAO_POWDER,Cacao Powder,Powder,0.14,oz,2 scoops @ 1/3 tbsp
Mint Chocolate Chip,PWD-SPIRULINA,Spirulina,Powder,0.07,oz,1 scoop @ 1/4 tbsp
Mint Chocolate Chip,EXT-MINT_EXTRACT,Mint Extract,Extract,1.0,ml,2 full droppers
Mint Chocolate Chip,VEG-SPINACH,Spinach,Vegetable,0.28,oz,EST - 8 leaves
Mint Chocolate Chip,FRZ-BANANAS,Bananas,Frozen Fruit,7.2,oz,1 beaker
Mint Chocolate Chip,PRP-COCONUT_CUBES,Coconut Cubes,Prepared Ingredient,2.0,cubes,
Mint Chocolate Chip,TOP-CHOCOLATE_CHIPS,Chocolate Chips,Topping,0.75,oz,"1 scoop, pulsed in"
Mint Chocolate Chip,SYR-CHOCOLATE_SAUCE,Chocolate Sauce,Syrup,0.25,fl oz,EST - cup drizzle
Mint Chocolate Chip,PKG-20OZ_BRANDED_CUP,20oz Branded Cup,Packaging,1.0,each,
Mint Chocolate Chip,PKG-20OZ_LID,20oz Lid,Packaging,1.0,each,
Mint Chocolate Chip,PKG-SMOOTHIE_STRAW,Smoothie Straw,Packaging,1.0,each,
Pineapple Colada,MLK-COCONUT_MILK,Coconut Milk,Milk,10.0,fl oz,
Pineapple Colada,PWD-VANILLA_PROTEIN,Vanilla Protein,Powder,0.8,oz,1 scoop
Pineapple Colada,TOP-COCONUT_SHREDS,Coconut Shreds,Topping,0.5,oz,1 scoop blended + EST sprinkle on top
Pineapple Colada,EXT-COCONUT_EXTRACT,Coconut Extract,Extract,1.0,ml,2 full droppers
Pineapple Colada,SWT-AGAVE,Agave,Sweetener,0.25,oz,1 circle
Pineapple Colada,FRZ-PINEAPPLE,Pineapple,Frozen Fruit,4.75,oz,1/2 beaker
Pineapple Colada,PRP-COCONUT_CUBES,Coconut Cubes,Prepared Ingredient,6.0,cubes,
Pineapple Colada,PKG-20OZ_BRANDED_CUP,20oz Branded Cup,Packaging,1.0,each,
Pineapple Colada,PKG-20OZ_LID,20oz Lid,Packaging,1.0,each,
Pineapple Colada,PKG-SMOOTHIE_STRAW,Smoothie Straw,Packaging,1.0,each,
Strawberry Banana,MLK-ALMOND_MILK,Almond Milk,Milk,10.0,fl oz,
Strawberry Banana,PWD-VANILLA_PROTEIN,Vanilla Protein,Powder,0.8,oz,1 scoop
Strawberry Banana,EXT-VANILLA_EXTRACT,Vanilla Extract,Extract,1.5,ml,3 full droppers
Strawberry Banana,SWT-AGAVE,Agave,Sweetener,0.25,oz,1 circle
Strawberry Banana,FRZ-BANANAS,Bananas,Frozen Fruit,3.6,oz,1/2 beaker
Strawberry Banana,FRZ-STRAWBERRIES,Strawberries,Frozen Fruit,4.05,oz,1/2 beaker
Strawberry Banana,PKG-20OZ_BRANDED_CUP,20oz Branded Cup,Packaging,1.0,each,
Strawberry Banana,PKG-20OZ_LID,20oz Lid,Packaging,1.0,each,
Strawberry Banana,PKG-SMOOTHIE_STRAW,Smoothie Straw,Packaging,1.0,each,
Sweet Greens,MLK-ALMOND_MILK,Almond Milk,Milk,10.0,fl oz,
Sweet Greens,PWD-VANILLA_PROTEIN,Vanilla Protein,Powder,0.8,oz,1 scoop
Sweet Greens,NUT-CHIA_SEEDS,Chia Seeds,Nuts and Seeds,0.27,oz,3 scoops @ 1/4 tbsp
Sweet Greens,EXT-VANILLA_EXTRACT,Vanilla Extract,Extract,1.0,ml,2 full droppers
Sweet Greens,SWT-HONEY,Honey,Sweetener,0.5,oz,2 circles
Sweet Greens,VEG-SPINACH,Spinach,Vegetable,0.18,oz,EST - 5 leaves
Sweet Greens,VEG-AVOCADO,Avocado,Vegetable,0.33,each,one third
Sweet Greens,FRZ-GRAPES,Grapes,Frozen Fruit,8.1,oz,1 full beaker
Sweet Greens,PKG-20OZ_BRANDED_CUP,20oz Branded Cup,Packaging,1.0,each,
Sweet Greens,PKG-20OZ_LID,20oz Lid,Packaging,1.0,each,
Sweet Greens,PKG-SMOOTHIE_STRAW,Smoothie Straw,Packaging,1.0,each,
Tropical Paradise,MLK-ALMOND_MILK,Almond Milk,Milk,10.0,fl oz,
Tropical Paradise,PWD-VANILLA_PROTEIN,Vanilla Protein,Powder,0.8,oz,1 scoop
Tropical Paradise,FRZ-MANGOES,Mangoes,Frozen Fruit,4.0,oz,1/2 beaker
Tropical Paradise,FRZ-PINEAPPLE,Pineapple,Frozen Fruit,4.75,oz,1/2 beaker
Tropical Paradise,PKG-20OZ_BRANDED_CUP,20oz Branded Cup,Packaging,1.0,each,
Tropical Paradise,PKG-20OZ_LID,20oz Lid,Packaging,1.0,each,
Tropical Paradise,PKG-SMOOTHIE_STRAW,Smoothie Straw,Packaging,1.0,each,
Banana Bowl,MLK-OAT_MILK,Oat Milk,Milk,4.0,fl oz,
Banana Bowl,FRZ-BANANAS,Bananas,Frozen Fruit,5.4,oz,3/4 20oz cup
Banana Bowl,PWD-VANILLA_PROTEIN,Vanilla Protein,Powder,0.8,oz,1 scoop
Banana Bowl,EXT-VANILLA_EXTRACT,Vanilla Extract,Extract,1.0,ml,2 droppers
Banana Bowl,SWT-AGAVE,Agave,Sweetener,0.5,oz,2 circles
Banana Bowl,TOP-GRANOLA,Granola,Topping,2.2,oz,"4 scoops - 2 in base, 2 layered"
Banana Bowl,PKG-16OZ_ACAI_BOWL,16oz Acai Bowl,Packaging,1.0,each,
Banana Bowl,PKG-16OZ_ACAI_BOWL_LID,16oz Acai Bowl Lid,Packaging,1.0,each,
Banana Bowl,PKG-SPOON,Spoon,Packaging,1.0,each,
Coconut Bowl,MLK-COCONUT_MILK,Coconut Milk,Milk,4.0,fl oz,
Coconut Bowl,PRP-COCONUT_CUBES,Coconut Cubes,Prepared Ingredient,6.0,cubes,
Coconut Bowl,FRZ-PINEAPPLE,Pineapple,Frozen Fruit,7.12,oz,3/4 20oz cup
Coconut Bowl,PWD-VANILLA_PROTEIN,Vanilla Protein,Powder,0.8,oz,1 scoop
Coconut Bowl,TOP-COCONUT_SHREDS,Coconut Shreds,Topping,0.7,oz,2 scoops shredded coconut
Coconut Bowl,EXT-COCONUT_EXTRACT,Coconut Extract,Extract,1.5,ml,3 droppers
Coconut Bowl,SWT-AGAVE,Agave,Sweetener,0.5,oz,2 circles
Coconut Bowl,TOP-GRANOLA,Granola,Topping,2.2,oz,"4 scoops - 2 in base, 2 layered"
Coconut Bowl,PKG-16OZ_ACAI_BOWL,16oz Acai Bowl,Packaging,1.0,each,
Coconut Bowl,PKG-16OZ_ACAI_BOWL_LID,16oz Acai Bowl Lid,Packaging,1.0,each,
Coconut Bowl,PKG-SPOON,Spoon,Packaging,1.0,each,
Strawberry Bowl,MLK-OAT_MILK,Oat Milk,Milk,4.0,fl oz,
Strawberry Bowl,FRZ-STRAWBERRIES,Strawberries,Frozen Fruit,6.07,oz,3/4 20oz cup
Strawberry Bowl,PWD-VANILLA_PROTEIN,Vanilla Protein,Powder,0.8,oz,1 scoop
Strawberry Bowl,SWT-AGAVE,Agave,Sweetener,0.5,oz,2 circles
Strawberry Bowl,TOP-GRANOLA,Granola,Topping,2.2,oz,"4 scoops - 2 in base, 2 layered"
Strawberry Bowl,PKG-16OZ_ACAI_BOWL,16oz Acai Bowl,Packaging,1.0,each,
Strawberry Bowl,PKG-16OZ_ACAI_BOWL_LID,16oz Acai Bowl Lid,Packaging,1.0,each,
Strawberry Bowl,PKG-SPOON,Spoon,Packaging,1.0,each,
Pineapple Mango Bowl,MLK-OAT_MILK,Oat Milk,Milk,4.0,fl oz,
Pineapple Mango Bowl,FRZ-PINEAPPLE,Pineapple,Frozen Fruit,3.17,oz,1/3 20oz cup
Pineapple Mango Bowl,FRZ-MANGOES,Mangoes,Frozen Fruit,2.67,oz,1/3 20oz cup
Pineapple Mango Bowl,PWD-VANILLA_PROTEIN,Vanilla Protein,Powder,0.8,oz,1 scoop
Pineapple Mango Bowl,SWT-AGAVE,Agave,Sweetener,0.5,oz,2 circles
Pineapple Mango Bowl,TOP-GRANOLA,Granola,Topping,2.2,oz,"4 scoops - 2 in base, 2 layered"
Pineapple Mango Bowl,PKG-16OZ_ACAI_BOWL,16oz Acai Bowl,Packaging,1.0,each,
Pineapple Mango Bowl,PKG-16OZ_ACAI_BOWL_LID,16oz Acai Bowl Lid,Packaging,1.0,each,
Pineapple Mango Bowl,PKG-SPOON,Spoon,Packaging,1.0,each,
Oatmeal Bowl,GRN-OATS,Oats,Grain,1.52,oz,2 scoops = 0.5 cup dry (43 g) - confirmed
Oatmeal Bowl,SEA-CINNAMON,Cinnamon,Seasoning,0.3,oz,3 silver scoops
Oatmeal Bowl,SWT-HONEY,Honey,Sweetener,0.25,oz,1 circle
Oatmeal Bowl,EXT-VANILLA_EXTRACT,Vanilla Extract,Extract,0.5,ml,1 dropper
Oatmeal Bowl,PWD-VANILLA_PROTEIN,Vanilla Protein,Powder,0.4,oz,1/2 scoop
Oatmeal Bowl,MLK-OAT_MILK,Oat Milk,Milk,1.0,fl oz,EST - splash
Oatmeal Bowl,TOP-GRANOLA,Granola,Topping,0.55,oz,1 scoop
Oatmeal Bowl,PKG-16OZ_ACAI_BOWL,16oz Acai Bowl,Packaging,1.0,each,
Oatmeal Bowl,PKG-16OZ_ACAI_BOWL_LID,16oz Acai Bowl Lid,Packaging,1.0,each,
Oatmeal Bowl,PKG-SPOON,Spoon,Packaging,1.0,each,
Yogurt Bowl,YOG-COCONUT_YOGURT,Coconut Yogurt,Yogurt,8.36,oz,4 scoops @ 2 fl oz
Yogurt Bowl,PWD-VANILLA_PROTEIN,Vanilla Protein,Powder,0.4,oz,1/2 scoop
Yogurt Bowl,TOP-GRANOLA,Granola,Topping,2.2,oz,"4 scoops - 2 in base, 2 layered"
Yogurt Bowl,DRZ-RASPBERRY_DRIZZLE,Raspberry Drizzle,Drizzle,0.25,fl oz,EST - drizzle
Yogurt Bowl,PKG-16OZ_ACAI_BOWL,16oz Acai Bowl,Packaging,1.0,each,
Yogurt Bowl,PKG-16OZ_ACAI_BOWL_LID,16oz Acai Bowl Lid,Packaging,1.0,each,
Yogurt Bowl,PKG-SPOON,Spoon,Packaging,1.0,each,
Mermaid,PWD-ZIPFIZZ,Zipfizz,Powder,1.0,each,1 zipfizz
Mermaid,PRP-BREWED_TEA,Brewed Tea,Prepared Ingredient,3.0,fl oz,3 oz tea
Mermaid,PWD-POWER_TEA_FLAVORS,Power Tea Flavors,Powder,0.3,oz,2 bev-mix scoop(s) @ 0.15 oz
Mermaid,PKG-32OZ_BRANDED_CUP,32oz Branded Cup,Packaging,1.0,each,
Mermaid,PKG-32OZ_LID,32oz Lid,Packaging,1.0,each,
Mermaid,PKG-POWER_TEA_STRAW,Power Tea Straw,Packaging,1.0,each,
Cherry Beach Pop,PWD-ZIPFIZZ,Zipfizz,Powder,1.0,each,1 zipfizz
Cherry Beach Pop,PRP-BREWED_TEA,Brewed Tea,Prepared Ingredient,3.0,fl oz,3 oz tea
Cherry Beach Pop,PWD-POWER_TEA_FLAVORS,Power Tea Flavors,Powder,0.3,oz,2 bev-mix scoop(s) @ 0.15 oz
Cherry Beach Pop,PKG-32OZ_BRANDED_CUP,32oz Branded Cup,Packaging,1.0,each,
Cherry Beach Pop,PKG-32OZ_LID,32oz Lid,Packaging,1.0,each,
Cherry Beach Pop,PKG-POWER_TEA_STRAW,Power Tea Straw,Packaging,1.0,each,
Watermelon Waves,PWD-ZIPFIZZ,Zipfizz,Powder,1.0,each,1 zipfizz
Watermelon Waves,PRP-BREWED_TEA,Brewed Tea,Prepared Ingredient,3.0,fl oz,3 oz tea
Watermelon Waves,PWD-POWER_TEA_FLAVORS,Power Tea Flavors,Powder,0.3,oz,2 bev-mix scoop(s) @ 0.15 oz
Watermelon Waves,PKG-32OZ_BRANDED_CUP,32oz Branded Cup,Packaging,1.0,each,
Watermelon Waves,PKG-32OZ_LID,32oz Lid,Packaging,1.0,each,
Watermelon Waves,PKG-POWER_TEA_STRAW,Power Tea Straw,Packaging,1.0,each,
Razz Margarita,PWD-ZIPFIZZ,Zipfizz,Powder,1.0,each,1 zipfizz
Razz Margarita,PRP-BREWED_TEA,Brewed Tea,Prepared Ingredient,3.0,fl oz,3 oz tea
Razz Margarita,PWD-POWER_TEA_FLAVORS,Power Tea Flavors,Powder,0.3,oz,2 bev-mix scoop(s) @ 0.15 oz
Razz Margarita,JUI-LIME_JUICE,Lime Juice,Juice,0.6,fl oz,0.5 oz + EST drizzle on top
Razz Margarita,PKG-32OZ_BRANDED_CUP,32oz Branded Cup,Packaging,1.0,each,
Razz Margarita,PKG-32OZ_LID,32oz Lid,Packaging,1.0,each,
Razz Margarita,PKG-POWER_TEA_STRAW,Power Tea Straw,Packaging,1.0,each,
Mojito,PWD-ZIPFIZZ,Zipfizz,Powder,1.0,each,1 zipfizz
Mojito,PRP-BREWED_TEA,Brewed Tea,Prepared Ingredient,3.0,fl oz,3 oz tea
Mojito,PWD-POWER_TEA_FLAVORS,Power Tea Flavors,Powder,0.3,oz,2 bev-mix scoop(s) @ 0.15 oz
Mojito,JUI-LIME_JUICE,Lime Juice,Juice,0.5,fl oz,0.5 oz
Mojito,VEG-MINT,Mint,Vegetable,0.04,oz,EST - 3 leaves
Mojito,PKG-32OZ_BRANDED_CUP,32oz Branded Cup,Packaging,1.0,each,
Mojito,PKG-32OZ_LID,32oz Lid,Packaging,1.0,each,
Mojito,PKG-POWER_TEA_STRAW,Power Tea Straw,Packaging,1.0,each,
Watermelon Mint,PWD-ZIPFIZZ,Zipfizz,Powder,1.0,each,1 zipfizz
Watermelon Mint,PRP-BREWED_TEA,Brewed Tea,Prepared Ingredient,3.0,fl oz,3 oz tea
Watermelon Mint,PWD-POWER_TEA_FLAVORS,Power Tea Flavors,Powder,0.3,oz,2 bev-mix scoop(s) @ 0.15 oz
Watermelon Mint,JUI-LIME_JUICE,Lime Juice,Juice,0.6,fl oz,0.5 oz + EST drizzle on top
Watermelon Mint,VEG-MINT,Mint,Vegetable,0.04,oz,EST - 3 leaves
Watermelon Mint,PKG-32OZ_BRANDED_CUP,32oz Branded Cup,Packaging,1.0,each,
Watermelon Mint,PKG-32OZ_LID,32oz Lid,Packaging,1.0,each,
Watermelon Mint,PKG-POWER_TEA_STRAW,Power Tea Straw,Packaging,1.0,each,
Island Pineapple,PWD-ZIPFIZZ,Zipfizz,Powder,1.0,each,1 zipfizz
Island Pineapple,PRP-BREWED_TEA,Brewed Tea,Prepared Ingredient,3.0,fl oz,3 oz tea
Island Pineapple,PWD-POWER_TEA_FLAVORS,Power Tea Flavors,Powder,0.3,oz,2 bev-mix scoop(s) @ 0.15 oz
Island Pineapple,PKG-32OZ_BRANDED_CUP,32oz Branded Cup,Packaging,1.0,each,
Island Pineapple,PKG-32OZ_LID,32oz Lid,Packaging,1.0,each,
Island Pineapple,PKG-POWER_TEA_STRAW,Power Tea Straw,Packaging,1.0,each,
Malibu Sunset,PWD-ZIPFIZZ,Zipfizz,Powder,1.0,each,1 zipfizz
Malibu Sunset,PRP-BREWED_TEA,Brewed Tea,Prepared Ingredient,3.0,fl oz,3 oz tea
Malibu Sunset,PWD-POWER_TEA_FLAVORS,Power Tea Flavors,Powder,0.3,oz,2 bev-mix scoop(s) @ 0.15 oz
Malibu Sunset,PKG-32OZ_BRANDED_CUP,32oz Branded Cup,Packaging,1.0,each,
Malibu Sunset,PKG-32OZ_LID,32oz Lid,Packaging,1.0,each,
Malibu Sunset,PKG-POWER_TEA_STRAW,Power Tea Straw,Packaging,1.0,each,
Peach Mango Margarita,PWD-ZIPFIZZ,Zipfizz,Powder,1.0,each,1 zipfizz
Peach Mango Margarita,PRP-BREWED_TEA,Brewed Tea,Prepared Ingredient,3.0,fl oz,3 oz tea
Peach Mango Margarita,PWD-POWER_TEA_FLAVORS,Power Tea Flavors,Powder,0.3,oz,2 bev-mix scoop(s) @ 0.15 oz
Peach Mango Margarita,PKG-32OZ_BRANDED_CUP,32oz Branded Cup,Packaging,1.0,each,
Peach Mango Margarita,PKG-32OZ_LID,32oz Lid,Packaging,1.0,each,
Peach Mango Margarita,PKG-POWER_TEA_STRAW,Power Tea Straw,Packaging,1.0,each,
Cucumber Lime Mint,PWD-ZIPFIZZ,Zipfizz,Powder,1.0,each,1 zipfizz
Cucumber Lime Mint,PRP-BREWED_TEA,Brewed Tea,Prepared Ingredient,3.0,fl oz,3 oz tea
Cucumber Lime Mint,PWD-POWER_TEA_FLAVORS,Power Tea Flavors,Powder,0.15,oz,1 bev-mix scoop(s) @ 0.15 oz
Cucumber Lime Mint,JUI-LIME_JUICE,Lime Juice,Juice,0.5,fl oz,0.5 oz
Cucumber Lime Mint,VEG-MINT,Mint,Vegetable,0.04,oz,EST - 3 leaves
Cucumber Lime Mint,PKG-32OZ_BRANDED_CUP,32oz Branded Cup,Packaging,1.0,each,
Cucumber Lime Mint,PKG-32OZ_LID,32oz Lid,Packaging,1.0,each,
Cucumber Lime Mint,PKG-POWER_TEA_STRAW,Power Tea Straw,Packaging,1.0,each,
Melon Breeze,PWD-ZIPFIZZ,Zipfizz,Powder,1.0,each,1 zipfizz
Melon Breeze,PRP-BREWED_TEA,Brewed Tea,Prepared Ingredient,3.0,fl oz,3 oz tea
Melon Breeze,PWD-POWER_TEA_FLAVORS,Power Tea Flavors,Powder,0.22,oz,EST - 1 heaping spoon
Melon Breeze,PKG-32OZ_BRANDED_CUP,32oz Branded Cup,Packaging,1.0,each,
Melon Breeze,PKG-32OZ_LID,32oz Lid,Packaging,1.0,each,
Melon Breeze,PKG-POWER_TEA_STRAW,Power Tea Straw,Packaging,1.0,each,
Orange Lime Rickey,PWD-ZIPFIZZ,Zipfizz,Powder,1.0,each,1 zipfizz
Orange Lime Rickey,PRP-BREWED_TEA,Brewed Tea,Prepared Ingredient,3.0,fl oz,3 oz tea
Orange Lime Rickey,PWD-POWER_TEA_FLAVORS,Power Tea Flavors,Powder,0.22,oz,EST - 1 heaping spoon limeade
Orange Lime Rickey,JUI-LIME_JUICE,Lime Juice,Juice,1.0,fl oz,1 oz
Orange Lime Rickey,PKG-32OZ_BRANDED_CUP,32oz Branded Cup,Packaging,1.0,each,
Orange Lime Rickey,PKG-32OZ_LID,32oz Lid,Packaging,1.0,each,
Orange Lime Rickey,PKG-POWER_TEA_STRAW,Power Tea Straw,Packaging,1.0,each,
Iced Tea,PRP-BREWED_TEA,Brewed Tea,Prepared Ingredient,12.0,fl oz,EST - fills iced 32oz cup
Iced Tea,PKG-32OZ_BRANDED_CUP,32oz Branded Cup,Packaging,1.0,each,
Iced Tea,PKG-32OZ_LID,32oz Lid,Packaging,1.0,each,
Iced Tea,PKG-POWER_TEA_STRAW,Power Tea Straw,Packaging,1.0,each,
Arnold Palmer,PRP-BREWED_TEA,Brewed Tea,Prepared Ingredient,12.0,fl oz,"EST - 3/4 way, iced cup"
Arnold Palmer,PWD-POWER_TEA_FLAVORS,Power Tea Flavors,Powder,0.3,oz,2 lemonade bev mix
Arnold Palmer,PKG-32OZ_BRANDED_CUP,32oz Branded Cup,Packaging,1.0,each,
Arnold Palmer,PKG-32OZ_LID,32oz Lid,Packaging,1.0,each,
Arnold Palmer,PKG-POWER_TEA_STRAW,Power Tea Straw,Packaging,1.0,each,
Blueberry Lemon Iced Tea,PRP-BREWED_TEA,Brewed Tea,Prepared Ingredient,12.0,fl oz,"EST - 3/4 way, iced cup"
Blueberry Lemon Iced Tea,PWD-POWER_TEA_FLAVORS,Power Tea Flavors,Powder,0.3,oz,2 lemonade bev mix
Blueberry Lemon Iced Tea,FRZ-BLUEBERRIES,Blueberries,Frozen Fruit,0.68,oz,EST - 1 scoop
Blueberry Lemon Iced Tea,PKG-32OZ_BRANDED_CUP,32oz Branded Cup,Packaging,1.0,each,
Blueberry Lemon Iced Tea,PKG-32OZ_LID,32oz Lid,Packaging,1.0,each,
Blueberry Lemon Iced Tea,PKG-POWER_TEA_STRAW,Power Tea Straw,Packaging,1.0,each,
Pink Flamingo,JUI-GRAPE_JUICE,Grape Juice,Juice,4.0,fl oz,4 oz white grape juice
Pink Flamingo,PWD-POWER_TEA_FLAVORS,Power Tea Flavors,Powder,0.3,oz,2 strawberry bev mix
Pink Flamingo,MLK-COCONUT_MILK,Coconut Milk,Milk,8.0,fl oz,EST - fill to top of iced cup
Pink Flamingo,FRZ-STRAWBERRIES,Strawberries,Frozen Fruit,0.5,oz,EST - 1 diced medium strawberry
Pink Flamingo,PKG-32OZ_BRANDED_CUP,32oz Branded Cup,Packaging,1.0,each,
Pink Flamingo,PKG-32OZ_LID,32oz Lid,Packaging,1.0,each,
Pink Flamingo,PKG-POWER_TEA_STRAW,Power Tea Straw,Packaging,1.0,each,
Strawberry Acai Lemonade,JUI-GRAPE_JUICE,Grape Juice,Juice,8.0,fl oz,EST - half of iced cup
Strawberry Acai Lemonade,PWD-POWER_TEA_FLAVORS,Power Tea Flavors,Powder,0.44,oz,EST - heaping strawberry + lemonade
Strawberry Acai Lemonade,PWD-ACAI,Acai,Powder,0.02,oz,1/4 tsp acai powder
Strawberry Acai Lemonade,FRZ-STRAWBERRIES,Strawberries,Frozen Fruit,0.5,oz,EST - 1 diced strawberry
Strawberry Acai Lemonade,PKG-32OZ_BRANDED_CUP,32oz Branded Cup,Packaging,1.0,each,
Strawberry Acai Lemonade,PKG-32OZ_LID,32oz Lid,Packaging,1.0,each,
Strawberry Acai Lemonade,PKG-POWER_TEA_STRAW,Power Tea Straw,Packaging,1.0,each,
Glow Getter Collagen,PWD-COLLAGEN,Collagen,Powder,0.15,oz,EST - 1 scoop
Glow Getter Collagen,PWD-POWER_TEA_FLAVORS,Power Tea Flavors,Powder,0.3,oz,1 margarita + 1 raspberry
Glow Getter Collagen,FRZ-STRAWBERRIES,Strawberries,Frozen Fruit,0.5,oz,EST - 1 diced strawberry
Glow Getter Collagen,PKG-32OZ_BRANDED_CUP,32oz Branded Cup,Packaging,1.0,each,
Glow Getter Collagen,PKG-32OZ_LID,32oz Lid,Packaging,1.0,each,
Glow Getter Collagen,PKG-POWER_TEA_STRAW,Power Tea Straw,Packaging,1.0,each,
Orange Creamsicle,DRS-ORANGE_JUICE,Orange Juice,Dressing,6.0,fl oz,6 oz
Orange Creamsicle,MLK-COCONUT_MILK,Coconut Milk,Milk,4.0,fl oz,4 oz
Orange Creamsicle,FRZ-MANGOES,Mangoes,Frozen Fruit,4.0,oz,1/2 20oz cup
Orange Creamsicle,PRP-COCONUT_CUBES,Coconut Cubes,Prepared Ingredient,5.0,cubes,5 cubes
Orange Creamsicle,PWD-VANILLA_PROTEIN,Vanilla Protein,Powder,0.8,oz,1 clear scoop
Orange Creamsicle,EXT-VANILLA_EXTRACT,Vanilla Extract,Extract,1.5,ml,3 droppers
Orange Creamsicle,SWT-AGAVE,Agave,Sweetener,0.5,oz,2 circles
Orange Creamsicle,YOG-COCONUT_YOGURT,Coconut Yogurt,Yogurt,2.09,oz,1 blue scoop (2 fl oz)
Orange Creamsicle,CRM-COCONUT_WHIPPED_CREAM,Coconut Whipped Cream,Cream,0.5,oz,EST - topped with
Orange Creamsicle,PKG-20OZ_BRANDED_CUP,20oz Branded Cup,Packaging,1.0,each,
Orange Creamsicle,PKG-20OZ_LID,20oz Lid,Packaging,1.0,each,
Orange Creamsicle,PKG-SMOOTHIE_STRAW,Smoothie Straw,Packaging,1.0,each,
Avocado Greens,BRD-SOURDOUGH,Sourdough,Bread,1.0,each,"1 slice, toasted longwise"
Avocado Greens,VEG-AVOCADO,Avocado,Vegetable,1.0,each,"1 avocado, smashed"
Avocado Greens,JUI-LIME_JUICE,Lime Juice,Juice,0.28,fl oz,EST - drizzle + 1/2 tsp
Avocado Greens,SEA-EVERYTHING,Everything,Seasoning,0.15,oz,EST - in mix + 1/2 tsp on top
Avocado Greens,VEG-ARUGULA,Arugula,Vegetable,0.5,oz,EST - chopped on top
Avocado Greens,PKG-TOAST_CONTAINERS,Toast Containers,Packaging,1.0,each,
Avocado Greens,PKG-6_TOAST_PARCHMENT,"6"" Toast Parchment",Packaging,1.0,each,
The Hot Date,BRD-SOURDOUGH,Sourdough,Bread,1.0,each,"1 slice, toasted longwise"
The Hot Date,SPR-ALMOND_BUTTER,Almond Butter,Spread,1.0,oz,EST - spread
The Hot Date,SWT-HONEY,Honey,Sweetener,0.25,oz,EST - drizzle
The Hot Date,FSH-DATES,Dates,Fresh Fruit,2.0,oz,EST - 3-4 chopped
The Hot Date,SEA-PINK_SALT,Pink Salt,Seasoning,0.02,oz,EST - good pinch
The Hot Date,NUT-ALMONDS,Almonds,Nuts and Seeds,0.47,oz,EST - scoop slivered
The Hot Date,SEA-CINNAMON,Cinnamon,Seasoning,0.03,oz,EST - dusting
The Hot Date,PKG-TOAST_CONTAINERS,Toast Containers,Packaging,1.0,each,
The Hot Date,PKG-6_TOAST_PARCHMENT,"6"" Toast Parchment",Packaging,1.0,each,
Berry Nutella,BRD-SOURDOUGH,Sourdough,Bread,1.0,each,"1 slice, toasted longwise"
Berry Nutella,SPR-NUTELLA,Nutella,Spread,1.0,oz,EST - spread
Berry Nutella,FSH-STRAWBERRIES,Strawberries,Fresh Fruit,1.5,oz,EST - sliced on top
Berry Nutella,PKG-TOAST_CONTAINERS,Toast Containers,Packaging,1.0,each,
Berry Nutella,PKG-6_TOAST_PARCHMENT,"6"" Toast Parchment",Packaging,1.0,each,
Healthy Hummus,BRD-SOURDOUGH,Sourdough,Bread,1.0,each,"1 slice, toasted longwise"
Healthy Hummus,SPR-HUMMUS,Hummus,Spread,2.0,oz,EST - thick layer
Healthy Hummus,SEA-EVERYTHING,Everything,Seasoning,0.15,oz,EST - sprinkled twice
Healthy Hummus,VEG-ARUGULA,Arugula,Vegetable,0.35,oz,EST
Healthy Hummus,VEG-SPINACH,Spinach,Vegetable,0.35,oz,EST
Healthy Hummus,JUI-LEMON_JUICE,Lemon Juice,Juice,0.2,fl oz,EST - drizzle
Healthy Hummus,OIL-OLIVE_OIL,Olive Oil,Oil,0.2,fl oz,EST - drizzle
Healthy Hummus,PKG-TOAST_CONTAINERS,Toast Containers,Packaging,1.0,each,
Healthy Hummus,PKG-6_TOAST_PARCHMENT,"6"" Toast Parchment",Packaging,1.0,each,
Peanut Butter Banana & Honey,BRD-SOURDOUGH,Sourdough,Bread,1.0,each,"1 slice, toasted longwise"
Peanut Butter Banana & Honey,SPR-PEANUT_BUTTER,Peanut Butter,Spread,1.0,oz,EST - spread
Peanut Butter Banana & Honey,FSH-BANANAS,Bananas,Fresh Fruit,2.0,oz,EST - sliced on top
Peanut Butter Banana & Honey,SWT-HONEY,Honey,Sweetener,0.25,oz,EST - drizzle
Peanut Butter Banana & Honey,NUT-CHIA_SEEDS,Chia Seeds,Nuts and Seeds,0.1,oz,EST - sprinkle
Peanut Butter Banana & Honey,PKG-TOAST_CONTAINERS,Toast Containers,Packaging,1.0,each,
Peanut Butter Banana & Honey,PKG-6_TOAST_PARCHMENT,"6"" Toast Parchment",Packaging,1.0,each,
Chocolate Peanut Butter Chip Buoys,GRN-OATS,Oats,Grain,0.25,oz,2/3 cup per batch of 16
Chocolate Peanut Butter Chip Buoys,PWD-VANILLA_PROTEIN,Vanilla Protein,Powder,0.2,oz,1/4 cup per batch
Chocolate Peanut Butter Chip Buoys,TOP-CHOCOLATE_CHIPS,Chocolate Chips,Topping,0.47,oz,1/4 cup in mix + EST melted drizzle
Chocolate Peanut Butter Chip Buoys,SPR-PEANUT_BUTTER,Peanut Butter,Spread,0.75,oz,3/4 cup per batch
Chocolate Peanut Butter Chip Buoys,SWT-HONEY,Honey,Sweetener,0.37,oz,1/4 cup per batch
Chocolate Peanut Butter Chip Buoys,NUT-CHIA_SEEDS,Chia Seeds,Nuts and Seeds,0.02,oz,1 tsp per batch
Chocolate Peanut Butter Chip Buoys,OIL-COCONUT_OIL,Coconut Oil,Oil,0.04,fl oz,"EST - 2 tsp per batch, for melting"
Chocolate Peanut Butter Chip Buoys,PKG-BUOY_BOXES,Buoy Boxes,Packaging,1.0,each,
Chocolate Peanut Butter Chip Buoys,PKG-2_ROUND_BUOY_PARCHMENT,"2"" Round Buoy Parchment",Packaging,1.0,each,
Almond Joy Buoys,GRN-OATS,Oats,Grain,0.25,oz,2/3 cup per batch of 16
Almond Joy Buoys,PWD-VANILLA_PROTEIN,Vanilla Protein,Powder,0.2,oz,1/4 cup per batch
Almond Joy Buoys,TOP-CHOCOLATE_CHIPS,Chocolate Chips,Topping,0.47,oz,1/4 cup in mix + EST melted drizzle
Almond Joy Buoys,TOP-COCONUT_SHREDS,Coconut Shreds,Topping,0.14,oz,1/4 cup in mix + EST sprinkle
Almond Joy Buoys,NUT-ALMONDS,Almonds,Nuts and Seeds,0.12,oz,1/4 cup per batch
Almond Joy Buoys,SPR-ALMOND_BUTTER,Almond Butter,Spread,0.74,oz,3/4 cup per batch
Almond Joy Buoys,SWT-HONEY,Honey,Sweetener,0.37,oz,1/4 cup per batch
Almond Joy Buoys,EXT-COCONUT_EXTRACT,Coconut Extract,Extract,0.12,ml,2 droppers per batch
Almond Joy Buoys,NUT-CHIA_SEEDS,Chia Seeds,Nuts and Seeds,0.02,oz,1 tsp per batch
Almond Joy Buoys,PKG-BUOY_BOXES,Buoy Boxes,Packaging,1.0,each,
Almond Joy Buoys,PKG-2_ROUND_BUOY_PARCHMENT,"2"" Round Buoy Parchment",Packaging,1.0,each,
Topping: Spinach,VEG-SPINACH,Spinach,Vegetable,0.18,oz,EST - 5 leaves
Topping: Avocado,VEG-AVOCADO,Avocado,Vegetable,0.33,each,one third
Topping: Strawberries,FSH-STRAWBERRIES,Strawberries,Fresh Fruit,1.5,oz,EST
Topping: Blueberries,FSH-BLUEBERRIES,Blueberries,Fresh Fruit,1.0,oz,matches pilot Acai bowl
Topping: Pineapple,FRZ-PINEAPPLE,Pineapple,Frozen Fruit,1.5,oz,EST - no fresh pineapple in db
Topping: Banana,FSH-BANANAS,Bananas,Fresh Fruit,2.0,oz,matches pilot Acai bowl
Topping: Dates,FSH-DATES,Dates,Fresh Fruit,1.0,oz,EST
Topping: Cacao Nibs,TOP-CACAO_NIBS,Cacao Nibs,Topping,0.6,oz,1 scoop
Topping: Chocolate Chips,TOP-CHOCOLATE_CHIPS,Chocolate Chips,Topping,0.75,oz,1 scoop
Topping: Peanut Butter,SPR-PEANUT_BUTTER,Peanut Butter,Spread,1.0,oz,1 scoop
Topping: Almond Butter,SPR-ALMOND_BUTTER,Almond Butter,Spread,1.0,oz,1 scoop
Topping: Nutella,SPR-NUTELLA,Nutella,Spread,0.7,oz,matches pilot Acai bowl
Topping: Walnuts,NUT-WALNUTS,Walnuts,Nuts and Seeds,0.49,oz,1 scoop
Topping: Almonds,NUT-ALMONDS,Almonds,Nuts and Seeds,0.47,oz,1 scoop
Topping: Chia Seeds,NUT-CHIA_SEEDS,Chia Seeds,Nuts and Seeds,0.09,oz,1 small scoop
Topping: Flax Seeds,NUT-FLAX_SEEDS,Flax Seeds,Nuts and Seeds,0.07,oz,EST - 1 small scoop
Topping: Goji Berries,TOP-GOJI_BERRIES,Goji Berries,Topping,0.5,oz,EST
Topping: Coconut,TOP-COCONUT_SHREDS,Coconut Shreds,Topping,0.36,oz,1 scoop
Topping: Spirulina,PWD-SPIRULINA,Spirulina,Powder,0.07,oz,1 small scoop
Topping: Collagen,PWD-COLLAGEN,Collagen,Powder,0.42,oz,EST - 1 scoop
Acai Mixed Berry Bowl,FSH-STRAWBERRIES,Strawberries,Fresh Fruit,1.5,oz,representative topping - bowls include any 4 and this is the standard set
Acai Mixed Berry Bowl,FSH-BLUEBERRIES,Blueberries,Fresh Fruit,1,oz,representative topping - bowls include any 4 and this is the standard set
Acai Mixed Berry Bowl,FSH-BANANAS,Bananas,Fresh Fruit,2,oz,representative topping - bowls include any 4 and this is the standard set
Acai Mixed Berry Bowl,SPR-PEANUT_BUTTER,Peanut Butter,Spread,1,oz,representative topping - bowls include any 4 and this is the standard set
Banana Bowl,FSH-STRAWBERRIES,Strawberries,Fresh Fruit,1.5,oz,representative topping - bowls include any 4 and this is the standard set
Banana Bowl,FSH-BLUEBERRIES,Blueberries,Fresh Fruit,1,oz,representative topping - bowls include any 4 and this is the standard set
Banana Bowl,FSH-BANANAS,Bananas,Fresh Fruit,2,oz,representative topping - bowls include any 4 and this is the standard set
Banana Bowl,SPR-PEANUT_BUTTER,Peanut Butter,Spread,1,oz,representative topping - bowls include any 4 and this is the standard set
Coconut Bowl,FSH-STRAWBERRIES,Strawberries,Fresh Fruit,1.5,oz,representative topping - bowls include any 4 and this is the standard set
Coconut Bowl,FSH-BLUEBERRIES,Blueberries,Fresh Fruit,1,oz,representative topping - bowls include any 4 and this is the standard set
Coconut Bowl,FSH-BANANAS,Bananas,Fresh Fruit,2,oz,representative topping - bowls include any 4 and this is the standard set
Coconut Bowl,SPR-PEANUT_BUTTER,Peanut Butter,Spread,1,oz,representative topping - bowls include any 4 and this is the standard set
Pineapple Mango Bowl,FSH-STRAWBERRIES,Strawberries,Fresh Fruit,1.5,oz,representative topping - bowls include any 4 and this is the standard set
Pineapple Mango Bowl,FSH-BLUEBERRIES,Blueberries,Fresh Fruit,1,oz,representative topping - bowls include any 4 and this is the standard set
Pineapple Mango Bowl,FSH-BANANAS,Bananas,Fresh Fruit,2,oz,representative topping - bowls include any 4 and this is the standard set
Pineapple Mango Bowl,SPR-PEANUT_BUTTER,Peanut Butter,Spread,1,oz,representative topping - bowls include any 4 and this is the standard set
Strawberry Bowl,FSH-STRAWBERRIES,Strawberries,Fresh Fruit,1.5,oz,representative topping - bowls include any 4 and this is the standard set
Strawberry Bowl,FSH-BLUEBERRIES,Blueberries,Fresh Fruit,1,oz,representative topping - bowls include any 4 and this is the standard set
Strawberry Bowl,FSH-BANANAS,Bananas,Fresh Fruit,2,oz,representative topping - bowls include any 4 and this is the standard set
Strawberry Bowl,SPR-PEANUT_BUTTER,Peanut Butter,Spread,1,oz,representative topping - bowls include any 4 and this is the standard set
Oatmeal Bowl,FSH-STRAWBERRIES,Strawberries,Fresh Fruit,1.5,oz,representative topping - bowls include any 4 and this is the standard set
Oatmeal Bowl,FSH-BLUEBERRIES,Blueberries,Fresh Fruit,1,oz,representative topping - bowls include any 4 and this is the standard set
Oatmeal Bowl,FSH-BANANAS,Bananas,Fresh Fruit,2,oz,representative topping - bowls include any 4 and this is the standard set
Oatmeal Bowl,SPR-PEANUT_BUTTER,Peanut Butter,Spread,1,oz,representative topping - bowls include any 4 and this is the standard set
Yogurt Bowl,FSH-STRAWBERRIES,Strawberries,Fresh Fruit,1.5,oz,representative topping - bowls include any 4 and this is the standard set
Yogurt Bowl,FSH-BLUEBERRIES,Blueberries,Fresh Fruit,1,oz,representative topping - bowls include any 4 and this is the standard set
Yogurt Bowl,FSH-BANANAS,Bananas,Fresh Fruit,2,oz,representative topping - bowls include any 4 and this is the standard set
Yogurt Bowl,SPR-PEANUT_BUTTER,Peanut Butter,Spread,1,oz,representative topping - bowls include any 4 and this is the standard set
